{
  "s2": {
    "mean": {
      "B02": 1920.4548287167413,
      "B03": 2092.6931795117403,
      "B04": 2005.4651914482306,
      "B05": 2483.7186671382397,
      "B06": 3523.6933926047736,
      "B07": 3855.307065870521,
      "B08": 3961.0202145980993,
      "B8A": 4051.132697514373,
      "B11": 2699.9564398852413,
      "B12": 1934.803286367758,
      "DEM": 733.7304527492403
    },
    "std": {
      "B02": 2463.034046209532,
      "B03": 2313.1494434303168,
      "B04": 2307.6740438096817,
      "B05": 2213.4673757728765,
      "B06": 1924.0213712163197,
      "B07": 1871.2139758613441,
      "B08": 1902.258097724755,
      "B8A": 1800.6947166461002,
      "B11": 1257.5217712750105,
      "B12": 1168.533104377926,
      "DEM": 627.9747564655065
    }
  }
}