{
  "mean": [
    1907.255448170745,
    2083.4486598755866,
    2001.8559455616412,
    2482.34238542671,
    3516.0731104948272,
    3838.763457433826,
    3950.185059279479,
    4033.4881206374976,
    2743.4568888040412,
    1978.7771765344548,
    743.5353289587621
  ],
  "std": [
    2408.0546752658483,
    2252.8747874015535,
    2241.2408795989995,
    2155.747160178686,
    1886.5494462615948,
    1839.378458166959,
    1868.6059116311992,
    1771.2697149450833,
    1249.40925059032,
    1161.4843166877524,
    636.0562275456199
  ]
}