{
  "s2": {
    "mean": {
      "B02": 1857.0769849708704,
      "B03": 2034.0152031805283,
      "B04": 1948.5830282939505,
      "B05": 2428.912231544743,
      "B06": 3475.131914436767,
      "B07": 3808.8371194774145,
      "B08": 3916.3039064998516,
      "B8A": 4007.5953303911533,
      "B11": 2638.1751799542803,
      "B12": 1874.785549921659,
      "DEM": 763.3738460301755
    },
    "std": {
      "B02": 2445.551184893576,
      "B03": 2301.9080466797077,
      "B04": 2301.683468659496,
      "B05": 2205.611201227703,
      "B06": 1912.5898965313643,
      "B07": 1859.1618458595683,
      "B08": 1893.3780011637732,
      "B8A": 1788.7448243505467,
      "B11": 1238.591993566545,
      "B12": 1155.9841718811062,
      "DEM": 638.6952281165422
    }
  }
}