{
  "mean": [
    1767.345251906172,
    1929.6109081885973,
    1854.3329599274625,
    2292.5344876315025,
    3239.8278935901403,
    3548.6389714514667,
    3642.192713941194,
    3730.9775984098655,
    2541.604283268903,
    1833.9858474812324,
    693.2678552736866
  ],
  "std": [
    2329.024920746824,
    2198.1289031549454,
    2194.7544718571116,
    2125.970297524644,
    1946.1870754108222,
    1937.4329438906943,
    1975.4747700707424,
    1901.3023548496662,
    1309.445423860845,
    1183.4072380087894,
    657.564561405837
  ]
}