{
  "s2": {
    "mean": {
      "B02": 1860.9228488912106,
      "B03": 2037.9140487210332,
      "B04": 1951.3115050408471,
      "B05": 2434.718180352559,
      "B06": 3490.985117408172,
      "B07": 3829.30998118343,
      "B08": 3936.6800086784865,
      "B8A": 4030.2081358641776,
      "B11": 2702.521999951861,
      "B12": 1929.2598090654908,
      "DEM": 727.0492753006342
    },
    "std": {
      "B02": 2403.5178072913172,
      "B03": 2256.662710241793,
      "B04": 2251.798937090958,
      "B05": 2161.9166685531595,
      "B06": 1880.9935310606668,
      "B07": 1833.4081196552181,
      "B08": 1865.9751454470545,
      "B8A": 1764.868415269326,
      "B11": 1241.16701276526,
      "B12": 1159.3791638108114,
      "DEM": 625.6910585556085
    }
  }
}