{
  "mean": [
    1678.83788384078,
    1832.915486971845,
    1763.5567677896313,
    2174.408428506198,
    3055.10392218099,
    3345.489603311852,
    3429.8690675484013,
    3516.7122844870023,
    2438.505348749996,
    1771.061294751238,
    662.2676133954258
  ],
  "std": [
    2234.6823065765457,
    2115.458290645227,
    2111.7751266136956,
    2060.9255549289937,
    1947.5628260390959,
    1963.539724103588,
    2003.9418637271935,
    1946.551788242416,
    1336.4078019003416,
    1186.1939791850023,
    679.3184401799999
  ]
}