{
  "mean": [
    0.03728839714184351,
    0.15894189461671393,
    743.5353289587621
  ],
  "std": [
    0.03394686324821431,
    0.13122430906369195,
    636.0562275456199
  ]
}