{
  "s1dsc": {
    "mean": {
      "VH": 0.037744840717129254,
      "VV": 0.16132166339294832,
      "DEM": 754.4471226874474
    },
    "std": {
      "VH": 0.034101405216193204,
      "VV": 0.1327922648224502,
      "DEM": 627.458798572705
    }
  }
}