{
  "s1dsc": {
    "mean": {
      "VH": 0.03786657861318691,
      "VV": 0.16118689568293398,
      "DEM": 751.7663514571119
    },
    "std": {
      "VH": 0.03346434585671189,
      "VV": 0.13155295365242914,
      "DEM": 638.0912605184218
    }
  }
}