{
  "mean": {
    "VH": 0.03728839714184351,
    "VV": 0.15894189461671393,
    "DEM": 743.5353289587621
  },
  "std": {
    "VH": 0.03394686324821431,
    "VV": 0.13122430906369195,
    "DEM": 636.0562275456199
  }
}