{
  "mean": [
    0.03865282648228476,
    0.1631191066721837,
    507.22092650494363
  ],
  "std": [
    0.039907895847187624,
    0.13789147267972254,
    508.6647469814376
  ]
}