{
  "mean": [
    0.036013231261914976,
    0.15111424125166,
    454.17203836163736
  ],
  "std": [
    0.04411888855791778,
    0.14342038320963663,
    505.1418826095996
  ]
}