{
  "mean": [
    0.034185040796096994,
    0.15712792631026348,
    707.174424941313
  ],
  "std": [
    0.14291052801172793,
    3.8465326469002843,
    696.5426563241176
  ]
}