{
  "mean": [
    0.036472363305977355,
    0.15801922199861704,
    728.2698484189345
  ],
  "std": [
    0.036616818510298084,
    0.13748684833298264,
    661.0131292252526
  ]
}