{
  "mean": [
    1476.431260815893,
    1645.7222556118274,
    1585.8355882625049,
    2006.0946877567058,
    2916.772684037962,
    3215.806767277643,
    3310.686880403184,
    3398.08865523446,
    2413.0070642045885,
    1730.7857890621704,
    711.0123196044792
  ],
  "std": [
    2203.340288527889,
    2079.4585958857533,
    2076.217854699519,
    2045.265437781345,
    1967.4958855294879,
    1997.3737756261837,
    2046.0598678818203,
    1981.4283849426786,
    1361.3159839538616,
    1221.235684324253,
    685.1636436019893
  ]
}