{
  "s2": {
    "mean": {
      "B02": 1492.460803079884,
      "B03": 1668.730647890988,
      "B04": 1583.2866793142525,
      "B05": 2063.5090515315183,
      "B06": 3109.718959426561,
      "B07": 3443.423924837933,
      "B08": 3550.890886289872,
      "B8A": 3642.1824771215047,
      "B11": 2272.761661766008,
      "B12": 1509.372043777249,
      "DEM": 763.3738460301755
    },
    "std": {
      "B02": 2434.8134937939612,
      "B03": 2290.7904722430744,
      "B04": 2293.2641273525105,
      "B05": 2192.0721896556997,
      "B06": 1882.4372227711422,
      "B07": 1824.5817336258483,
      "B08": 1857.805470128811,
      "B8A": 1752.7824968277644,
      "B11": 1118.005421919931,
      "B12": 1044.686810267096,
      "DEM": 638.6952281165422
    }
  }
}