{
  "s1asc": {
    "mean": {
      "VH": 0.03502841617651365,
      "VV": 0.15069254852114952,
      "DEM": 724.6036496500651
    },
    "std": {
      "VH": 0.03981825459540908,
      "VV": 0.1411553182369625,
      "DEM": 678.5708049194561
    }
  },
  "s1dsc": {
    "mean": {
      "VH": 0.035028231911268776,
      "VV": 0.1525251633164399,
      "DEM": 724.6036496500651
    },
    "std": {
      "VH": 0.03724570054504493,
      "VV": 0.13725360425446784,
      "DEM": 678.5708049194561
    }
  },
  "s2": {
    "mean": {
      "B02": 1750.3824392583551,
      "B03": 1923.1631332465279,
      "B04": 1857.572284330512,
      "B05": 2293.07121632921,
      "B06": 3225.9140013661026,
      "B07": 3526.4330660232204,
      "B08": 3627.0096820366753,
      "B8A": 3708.6360863937716,
      "B11": 2610.9450660791017,
      "B12": 1907.3008264865452,
      "DEM": 724.6036496500651
    },
    "std": {
      "B02": 2252.5723629798463,
      "B03": 2115.617607588321,
      "B04": 2108.2973823543675,
      "B05": 2045.5939259485779,
      "B06": 1883.055768372883,
      "B07": 1879.7808424390141,
      "B08": 1914.0077169582378,
      "B8A": 1844.3669798815768,
      "B11": 1298.1126837744873,
      "B12": 1186.7897382012452,
      "DEM": 678.5708049194561
    }
  }
}