{
  "mean": [
    1743.3278187215592,
    1882.0832035921535,
    1794.2212040764966,
    2207.6348071297925,
    3114.6673742471985,
    3420.585587164898,
    3498.0717857018103,
    3595.157281966709,
    2577.681630941287,
    1890.2728569522405,
    522.5986035206461
  ],
  "std": [
    2168.0802177062724,
    2041.0746347103957,
    2026.6037985994326,
    1993.8769012297037,
    1902.3892267879742,
    1930.454197435222,
    1972.6103205653271,
    1921.9442111735996,
    1383.4848954598674,
    1237.6778183355857,
    495.87031872301225
  ]
}