{
  "mean": [
    0.03576691553920508,
    0.16834918337707527,
    640.9576417106786
  ],
  "std": [
    0.17057597096222588,
    2.161906408328444,
    650.9468950291322
  ]
}