{
  "mean": [
    0.035184087787377354,
    0.1681670056972591,
    691.5402339161471
  ],
  "std": [
    0.18988356455064723,
    2.3103983084330166,
    690.3685933967162
  ]
}