{
  "mean": [
    0.035342591124322566,
    0.15417857415329764,
    718.6567724113455
  ],
  "std": [
    0.03796258383762625,
    0.13955776123172958,
    674.5389265352461
  ]
}