{
  "mean": [
    0.03074155960945852,
    0.15061847958248553,
    916.351991410994
  ],
  "std": [
    0.09944082239891695,
    3.292116870160204,
    842.6498550023222
  ]
}