{
  "mean": [
    0.034486194143464696,
    0.15124579877492098,
    866.71835097744
  ],
  "std": [
    0.04322659007342715,
    0.15061157278530563,
    846.5797424864793
  ]
}