{
  "mean": [
    1734.324494508355,
    1894.5142856846496,
    1826.1068958202327,
    2248.77592111917,
    3159.670741453902,
    3461.4434573285444,
    3546.2570920376834,
    3638.3640723932003,
    2535.6694485919984,
    1851.6089705005893,
    677.0290262474203
  ],
  "std": [
    2232.3375060921703,
    2107.369048613357,
    2103.0862075409696,
    2044.634163469761,
    1907.3524044521719,
    1915.1778447751124,
    1952.450896300986,
    1890.362745762325,
    1313.5273673285758,
    1182.955706859899,
    688.4721628892775
  ]
}