{
  "s1asc": {
    "mean": {
      "VH": -15.886137932095645,
      "VV": -9.309921745422201,
      "DEM": 794.388977420033
    },
    "std": {
      "VH": 4.181415146865288,
      "VV": 3.48675473624339,
      "DEM": 657.5443699296056
    }
  },
  "s1dsc": {
    "mean": {
      "VH": -15.797455200218515,
      "VV": -9.228785720446062,
      "DEM": 794.388977420033
    },
    "std": {
      "VH": 4.166654543398746,
      "VV": 3.422667757506574,
      "DEM": 657.5443699296056
    }
  },
  "s2": {
    "mean": {
      "B02": 1438.0727263701995,
      "B03": 1620.7805946040578,
      "B04": 1543.604700228328,
      "B05": 2027.7150140909396,
      "B06": 3068.63186557901,
      "B07": 3391.9236882046193,
      "B08": 3507.4908821455297,
      "B8A": 3589.8205471370966,
      "B11": 2275.6647228714296,
      "B12": 1512.7046951297566,
      "DEM": 794.388977420033
    },
    "std": {
      "B02": 2375.07035076698,
      "B03": 2226.3542784444394,
      "B04": 2224.7831127179625,
      "B05": 2130.962148526103,
      "B06": 1836.2224469504297,
      "B07": 1778.6930896612926,
      "B08": 1811.8756146364524,
      "B8A": 1706.8804056127644,
      "B11": 1102.0513638472487,
      "B12": 1030.9797495978898,
      "DEM": 657.5443699296056
    }
  }
}