{
  "s1dsc": {
    "mean": {
      "VH": -15.727329472842921,
      "VV": -9.162686765543109,
      "DEM": 754.0215105136099
    },
    "std": {
      "VH": 4.212723535725994,
      "VV": 3.4529046780357895,
      "DEM": 634.8955010371125
    }
  }
}