{
  "mean": [
    0.03418504079609704,
    0.15712792631026337,
    707.1744249413123
  ],
  "std": [
    0.14291052801172793,
    3.8465326469002816,
    696.5426563241175
  ]
}