{
  "s2": {
    "mean": {
      "B02": 1486.511586151017,
      "B03": 1658.2597504640917,
      "B04": 1570.7894506088742,
      "B05": 2049.6475940119713,
      "B06": 3090.3110277710857,
      "B07": 3422.323318678858,
      "B08": 3527.5885560888696,
      "B8A": 3618.4460391112943,
      "B11": 2272.196332490436,
      "B12": 1506.3868106230286,
      "DEM": 731.1929697292795
    },
    "std": {
      "B02": 2441.9712717560437,
      "B03": 2291.222139925675,
      "B04": 2287.4280076819787,
      "B05": 2188.3492696012045,
      "B06": 1883.4599072617136,
      "B07": 1827.2058728282564,
      "B08": 1856.901954731661,
      "B8A": 1755.284393646173,
      "B11": 1119.0892584417386,
      "B12": 1041.6892705172172,
      "DEM": 624.3062083161705
    }
  }
}