{
  "s1dsc": {
    "mean": {
      "VH": 0.037847360250504815,
      "VV": 0.16184702442936802,
      "DEM": 791.1455943658723
    },
    "std": {
      "VH": 0.033046478471020345,
      "VV": 0.13272537170946455,
      "DEM": 648.2896813920922
    }
  }
}