{
  "mean": [
    0.03576691553920512,
    0.168349183377076,
    640.9576417106746
  ],
  "std": [
    0.17057597096222615,
    2.161906408328441,
    650.9468950291321
  ]
}