{
  "mean": [
    0.03074155960945854,
    0.1506184795824862,
    916.3519914109922
  ],
  "std": [
    0.09944082239891708,
    3.292116870160205,
    842.6498550023194
  ]
}