{
  "s2": {
    "mean": {
      "B02": 1704.569459069273,
      "B03": 1862.2646446759632,
      "B04": 1794.200407216447,
      "B05": 2210.4444696512196,
      "B06": 3100.718161947044,
      "B07": 3392.713232081741,
      "B08": 3480.9831064070345,
      "B8A": 3565.9595640155885,
      "B11": 2482.7763233932646,
      "B12": 1808.1090862929564,
      "DEM": 668.2877422201976
    },
    "std": {
      "B02": 2244.512756099135,
      "B03": 2120.9345944156853,
      "B04": 2116.2576595227038,
      "B05": 2063.115812153895,
      "B06": 1938.6758082933989,
      "B07": 1949.811451624684,
      "B08": 1989.2778622813971,
      "B8A": 1929.0212912628867,
      "B11": 1334.1684545265089,
      "B12": 1192.2636085344932,
      "DEM": 675.7387640524197
    }
  }
}