{
  "mean": [
    1520.325452526479,
    1686.606228309537,
    1626.1924135355105,
    2042.83325828113,
    2942.6268242902815,
    3237.377370297282,
    3332.3069278988123,
    3416.1937433712787,
    2430.8764581304163,
    1755.3201273356333,
    689.594034979049
  ],
  "std": [
    2236.3213206852606,
    2110.955594692064,
    2106.324515897188,
    2075.5525146340115,
    1996.6151655538126,
    2025.041579414505,
    2074.0153374963947,
    2007.7888179509646,
    1376.0441133971212,
    1234.7742445665024,
    678.478449541458
  ]
}