{
  "mean": [
    1701.3697482467148,
    1877.1021722661203,
    1812.3223889592693,
    2251.1102976989073,
    3193.919331807411,
    3501.5646137966883,
    3600.323819741002,
    3688.5103253680118,
    2612.8081345260466,
    1899.4565412959391,
    720.0352411495097
  ],
  "std": [
    2212.2389834415135,
    2079.583172387214,
    2073.214230123878,
    2014.0843213192818,
    1855.6174021540967,
    1856.2228874199966,
    1888.0544523992382,
    1822.786897014084,
    1285.585417287423,
    1179.6498564900578,
    682.539093080326
  ]
}