{
  "mean": [
    1476.431260815893,
    1645.7222556118274,
    1585.8355882625049,
    2006.0946877567058,
    2916.772684037962,
    3215.806767277643,
    3310.686880403184,
    3398.08865523446,
    2413.0070642045885,
    1730.7857890621704,
    711.0123196044782
  ],
  "std": [
    2203.3402885278856,
    2079.4585958857556,
    2076.217854699516,
    2045.2654377813453,
    1967.4958855294858,
    1997.373775626182,
    2046.0598678818192,
    1981.4283849426745,
    1361.315983953858,
    1221.2356843242503,
    685.1636436019896
  ]
}