{
  "s1asc": {
    "mean": {
      "VH": -15.917765895863555,
      "VV": -9.337943143423166,
      "DEM": 756.0969950700937
    },
    "std": {
      "VH": 4.284103931329415,
      "VV": 3.5187611953260367,
      "DEM": 639.9163694440539
    }
  },
  "s1dsc": {
    "mean": {
      "VH": -15.797817751493328,
      "VV": -9.21807565736,
      "DEM": 756.0969950700937
    },
    "std": {
      "VH": 4.218118270560234,
      "VV": 3.439138107110329,
      "DEM": 639.9163694440539
    }
  },
  "s2": {
    "mean": {
      "B02": 1464.3710712960674,
      "B03": 1640.3707530534564,
      "B04": 1560.592908978695,
      "B05": 2041.3993286058965,
      "B06": 3073.262141770948,
      "B07": 3394.7544258004928,
      "B08": 3506.8697343597664,
      "B8A": 3588.9201081158326,
      "B11": 2278.0678954487344,
      "B12": 1513.2957400066707,
      "DEM": 756.0969950700937
    },
    "std": {
      "B02": 2426.54797121276,
      "B03": 2270.9636180943385,
      "B04": 2263.822808905727,
      "B05": 2170.1416453219927,
      "B06": 1869.1271506595053,
      "B07": 1808.8303988972057,
      "B08": 1837.0327959980216,
      "B8A": 1734.2548859580925,
      "B11": 1110.176159933202,
      "B12": 1035.0778483836746,
      "DEM": 639.9163694440539
    }
  }
}