{
  "mean": [
    1665.761752295708,
    1844.2835473114244,
    1792.4145637607833,
    2213.0169378634114,
    3099.9817478080627,
    3386.8690699546096,
    3476.8981279113987,
    3562.196157186475,
    2460.760614364436,
    1795.869772779953,
    867.4955922227997
  ],
  "std": [
    2243.1529522698047,
    2119.4308226429057,
    2121.8431520066088,
    2050.5397474237184,
    1912.85715057441,
    1921.0039361618033,
    1960.4468280139063,
    1897.0942568929568,
    1278.8537853416199,
    1151.5729250639788,
    866.6381753566013
  ]
}