{
  "mean": [
    1230.1542864995736,
    1419.2426400680138,
    1380.3493767691457,
    1789.7732663968286,
    2649.078147580013,
    2922.5384237225066,
    3021.6691819430566,
    3101.79369756703,
    2220.9080779176747,
    1561.413343094008,
    919.5165203223797
  ],
  "std": [
    2013.4121910068945,
    1916.6519720566614,
    1924.6264277545492,
    1893.8317292921872,
    1883.7017031352198,
    1929.8922891500583,
    1985.648376381812,
    1932.6498321865415,
    1294.603734022149,
    1118.8301140546064,
    836.7530616103426
  ]
}