{
  "mean": [
    1230.1542864995736,
    1419.2426400680138,
    1380.3493767691457,
    1789.7732663968286,
    2649.078147580013,
    2922.5384237225066,
    3021.6691819430566,
    3101.79369756703,
    2220.9080779176747,
    1561.413343094008,
    919.5165203223879
  ],
  "std": [
    2013.4121910068973,
    1916.6519720566675,
    1924.6264277545538,
    1893.8317292921856,
    1883.701703135219,
    1929.8922891500547,
    1985.648376381818,
    1932.6498321865424,
    1294.6037340221494,
    1118.8301140546055,
    836.7530616103417
  ]
}