{
  "s1asc": {
    "mean": {
      "VH": -15.732646286425041,
      "VV": -9.178693834961171,
      "DEM": 767.5185869662816
    },
    "std": {
      "VH": 4.227590918445395,
      "VV": 3.5571482196457893,
      "DEM": 646.2173569738538
    }
  }
}