{
  "mean": [
    1350.0075112591264,
    1503.7558352946637,
    1448.204215927105,
    1842.0744946509506,
    2673.9532051843053,
    2944.746487056444,
    3022.7564561619697,
    3113.8443334777235,
    1977.4334616036053,
    1343.2425777239162,
    881.203166259582
  ],
  "std": [
    2259.1995386594276,
    2162.379693947315,
    2175.3040221029605,
    2107.4276093860167,
    1970.3404022791356,
    1970.4357241733774,
    2010.9699779748573,
    1952.8261567880452,
    1160.0231179671785,
    988.0327123382419,
    760.0217395990155
  ]
}