{
  "mean": [
    1414.0799075810196,
    1580.5741302841616,
    1524.6275194153816,
    1936.0479235603539,
    2820.1421188170016,
    3110.3740846580104,
    3204.0597773993914,
    3289.187457125614,
    2319.9202992875753,
    1651.41806746479,
    745.9925133246223
  ],
  "std": [
    2216.182373376317,
    2094.2871856379097,
    2091.5791379265597,
    2062.303975782207,
    1987.4725203981961,
    2015.4937871724032,
    2064.341912484476,
    2000.6379791553063,
    1359.993631790463,
    1209.6922359754865,
    711.7414592973496
  ]
}