{
  "mean": [
    1668.1816381977956,
    1819.2316579932838,
    1751.6974330362675,
    2155.627771272382,
    3016.528468526043,
    3300.800019568691,
    3384.1972973809256,
    3468.9108205758776,
    2398.2821673115973,
    1741.0875214308387,
    663.9459431019363
  ],
  "std": [
    2251.524838658,
    2133.065941982623,
    2129.884290562481,
    2078.493232746216,
    1965.3977303330382,
    1980.308906926174,
    2021.8112413414406,
    1963.815543671951,
    1341.4517645152512,
    1189.0902634498186,
    680.3180512067933
  ]
}