{
  "s1asc": {
    "mean": {
      "VH": -15.806100664431735,
      "VV": -9.23457985429572,
      "DEM": 734.369584099161
    },
    "std": {
      "VH": 4.3313958407410835,
      "VV": 3.5694682147451067,
      "DEM": 627.5877047070115
    }
  }
}