{
  "mean": [
    1763.2890482762616,
    1896.4025175943275,
    1811.249133036265,
    2215.6841844058335,
    3107.600828879516,
    3409.405513537346,
    3491.7883558454555,
    3579.375665173346,
    2553.3704204312685,
    1882.6863859147675,
    462.3511665355746
  ],
  "std": [
    2161.1591516921667,
    2041.7788511729482,
    2033.4266171630857,
    1995.9425948820879,
    1915.1166187384758,
    1948.8444753809795,
    1994.929859224942,
    1941.4432085361589,
    1384.0297175345731,
    1234.6050830886688,
    503.0348862930319
  ]
}