{
  "s1asc": {
    "mean": {
      "VH": 0.03830282478354934,
      "VV": 0.16248465612268495,
      "DEM": 736.481570700911
    },
    "std": {
      "VH": 0.038289189900884854,
      "VV": 0.1433339509961801,
      "DEM": 627.637238383565
    }
  }
}