{
  "mean": [
    0.03712759406765897,
    0.15785746122432953,
    743.5353289587621
  ],
  "std": [
    0.036325294424665554,
    0.13750489168488156,
    636.0562275456199
  ]
}