{
  "mean": {
    "VH": 0.03712759406765897,
    "VV": 0.15785746122432953,
    "DEM": 743.5353289587621
  },
  "std": {
    "VH": 0.036325294424665554,
    "VV": 0.13750489168488156,
    "DEM": 636.0562275456199
  }
}