{
  "mean": [
    0.03579548816646643,
    0.1538652154950449,
    691.0412256367841
  ],
  "std": [
    0.041127552493269944,
    0.14552602581253185,
    659.240516616174
  ]
}