{
  "s1asc": {
    "mean": {
      "VH": 0.03869211903165753,
      "VV": 0.1646670035333082,
      "DEM": 767.5185869662816
    },
    "std": {
      "VH": 0.03800445396897322,
      "VV": 0.14504435756196948,
      "DEM": 646.2173569738538
    }
  }
}