{
  "s1asc": {
    "mean": {
      "VH": 0.03855215630007379,
      "VV": 0.16324485758144947,
      "DEM": 730.5811427540709
    },
    "std": {
      "VH": 0.0378658769990041,
      "VV": 0.14258680259162188,
      "DEM": 627.9543129111362
    }
  }
}