{
  "s1dsc": {
    "mean": {
      "VH": -15.67844982681825,
      "VV": -9.125917131074635,
      "DEM": 791.1455943658723
    },
    "std": {
      "VH": 4.1085807354763,
      "VV": 3.401784667017889,
      "DEM": 648.2896813920922
    }
  }
}