{
  "mean": [
    1753.3452094688212,
    1911.2303542395503,
    1854.4771540719594,
    2258.22984177236,
    3103.247364783056,
    3374.9772792438284,
    3470.663383310419,
    3538.706631796826,
    2509.5130534023606,
    1856.4854299688511,
    647.0254043185466
  ],
  "std": [
    2248.4211411012343,
    2126.389166087099,
    2119.153373773634,
    2069.136364278993,
    1974.1094710612526,
    1992.199040630844,
    2036.7881386461388,
    1974.017535941972,
    1355.2703896388905,
    1198.7073523718684,
    688.7698056255206
  ]
}