{
  "mean": {
    "VH": 0.033813992913487745,
    "VV": 0.14726658687994668,
    "DEM": 665.011248582178
  },
  "std": {
    "VH": 0.040684311777185775,
    "VV": 0.14356506617834502,
    "DEM": 675.3984928108463
  }
}