{
  "mean": [
    0.03589244096456246,
    0.15079437781455698,
    446.2251931870223
  ],
  "std": [
    0.04423944763804274,
    0.14367508756701283,
    498.6290427243441
  ]
}