{
  "s1asc": {
    "mean": {
      "VH": 0.0342266308760978,
      "VV": 0.14817195049696213,
      "DEM": 670.065352674967
    },
    "std": {
      "VH": 0.041480291336354495,
      "VV": 0.14385481545764914,
      "DEM": 675.0288428328676
    }
  }
}