{
  "mean": [
    0.033813992913487745,
    0.14726658687994668,
    665.011248582178
  ],
  "std": [
    0.040684311777185775,
    0.14356506617834502,
    675.3984928108463
  ]
}