{
  "mean": [
    0.03576691553920509,
    0.16834918337707533,
    640.9576417106797
  ],
  "std": [
    0.1705759709622256,
    2.1619064083284405,
    650.9468950291326
  ]
}