{
  "mean": [
    0.033968036141914126,
    0.15811099172188595,
    752.9015007422356
  ],
  "std": [
    0.12726632002746868,
    3.6060601547701174,
    727.8251393187934
  ]
}