{
  "mean": [
    0.0339680361419142,
    0.15811099172188653,
    752.9015007422349
  ],
  "std": [
    0.12726632002746877,
    3.6060601547701165,
    727.8251393187911
  ]
}