{
  "mean": [
    0.033486659237550224,
    0.14607422888746865,
    662.1708705469539
  ],
  "std": [
    0.04197008527609489,
    0.14496225022225823,
    674.878026641371
  ]
}