{
  "mean": [
    0.031593108256168116,
    0.15618141049683099,
    832.8181481343307
  ],
  "std": [
    0.1365219626109585,
    2.2613972558408437,
    818.8644618063962
  ]
}