{
  "mean": [
    0.03505764716779378,
    0.15506126132401327,
    935.8922173355066
  ],
  "std": [
    0.03987483300000574,
    0.14675790717197748,
    853.7501134177118
  ]
}