{
  "mean": [
    0.031593108256168075,
    0.1561814104968301,
    832.8181481343267
  ],
  "std": [
    0.13652196261095836,
    2.2613972558408455,
    818.8644618063972
  ]
}