{
  "mean": [
    0.03385804313807812,
    0.14718444941543943,
    657.5148819156908
  ],
  "std": [
    0.04187198701176556,
    0.1448022448896131,
    672.3510920817538
  ]
}