{
  "mean": [
    0.034185040796097105,
    0.15712792631026332,
    707.1744249413135
  ],
  "std": [
    0.14291052801172832,
    3.846532646900282,
    696.5426563241185
  ]
}