{
  "mean": [
    1762.3970717809782,
    1895.5760351463045,
    1810.298257642127,
    2215.602737565502,
    3108.0868964143647,
    3409.873781142909,
    3492.1251894109614,
    3579.642937758482,
    2549.808413144382,
    1878.8477510337545,
    466.4283549021581
  ],
  "std": [
    2166.1493835256797,
    2047.0781221975542,
    2038.5317825837506,
    2001.7849483867221,
    1920.2153301324618,
    1953.4131519805462,
    1999.0098307591693,
    1945.6198138119319,
    1386.4516302541642,
    1235.52577690529,
    511.3055183336217
  ]
}