{
  "mean": [
    1701.397992389958,
    1858.992239183493,
    1791.7598198177407,
    2205.2648374586115,
    3088.4419343780255,
    3376.347906778295,
    3465.8352357598756,
    3547.781591018228,
    2484.480057729585,
    1817.2358764870626,
    669.7278677310024
  ],
  "std": [
    2214.457431463145,
    2091.6862916265095,
    2086.81588054984,
    2037.2154674946833,
    1930.5296463932696,
    1948.343151588553,
    1991.605758363484,
    1931.7000466886363,
    1343.3505221010198,
    1196.791421049144,
    678.5408549248173
  ]
}