{
  "mean": {
    "B02": 1701.397992389958,
    "B03": 1858.992239183493,
    "B04": 1791.7598198177407,
    "B05": 2205.2648374586115,
    "B06": 3088.4419343780255,
    "B07": 3376.347906778295,
    "B08": 3465.8352357598756,
    "B8A": 3547.781591018228,
    "B11": 2484.480057729585,
    "B12": 1817.2358764870626,
    "DEM": 669.7278677310024
  },
  "std": {
    "B02": 2214.457431463145,
    "B03": 2091.6862916265095,
    "B04": 2086.81588054984,
    "B05": 2037.2154674946833,
    "B06": 1930.5296463932696,
    "B07": 1948.343151588553,
    "B08": 1991.605758363484,
    "B8A": 1931.7000466886363,
    "B11": 1343.3505221010198,
    "B12": 1196.791421049144,
    "DEM": 678.5408549248173
  }
}