{
  "mean": [
    1414.0799075810196,
    1580.5741302841616,
    1524.6275194153816,
    1936.0479235603539,
    2820.1421188170016,
    3110.3740846580104,
    3204.0597773993914,
    3289.187457125614,
    2319.9202992875753,
    1651.41806746479,
    745.9925133246264
  ],
  "std": [
    2216.1823733763154,
    2094.2871856379084,
    2091.5791379265665,
    2062.303975782212,
    1987.4725203981948,
    2015.4937871723996,
    2064.3419124844704,
    2000.6379791553036,
    1359.9936317904599,
    1209.6922359754885,
    711.741459297349
  ]
}