{
  "mean": {
    "VH": 0.034827126646447853,
    "VV": 0.1518753036513465,
    "DEM": 712.0805876530145
  },
  "std": {
    "VH": 0.03736699878032489,
    "VV": 0.13754046910252102,
    "DEM": 676.6312243412619
  }
}