{
  "s1dsc": {
    "mean": {
      "VH": 0.035688860775127056,
      "VV": 0.15508892580296169,
      "DEM": 709.7280122002
    },
    "std": {
      "VH": 0.03846661771618347,
      "VV": 0.13960856046316736,
      "DEM": 667.3907296818842
    }
  }
}