{
  "mean": [
    0.03874113547317222,
    0.16377912172108028,
    504.5122237821251
  ],
  "std": [
    0.04007821596125327,
    0.138498121184459,
    511.64379404708524
  ]
}