{
  "mean": [
    0.034827126646447853,
    0.1518753036513465,
    712.0805876530145
  ],
  "std": [
    0.03736699878032489,
    0.13754046910252102,
    676.6312243412619
  ]
}