{
  "s1asc": {
    "mean": {
      "VH": 0.0369354440339397,
      "VV": 0.15809056327802687,
      "DEM": 794.388977420033
    },
    "std": {
      "VH": 0.034871300801119796,
      "VV": 0.1372890589539772,
      "DEM": 657.5443699296056
    }
  },
  "s1dsc": {
    "mean": {
      "VH": 0.03702952401580689,
      "VV": 0.15842800618294905,
      "DEM": 794.388977420033
    },
    "std": {
      "VH": 0.0324550775462947,
      "VV": 0.13061134707624777,
      "DEM": 657.5443699296056
    }
  },
  "s2": {
    "mean": {
      "B02": 1851.1883366059183,
      "B03": 2034.6325961198727,
      "B04": 1957.4685905266488,
      "B05": 2441.700034169551,
      "B06": 3482.6287040534876,
      "B07": 3805.920877879585,
      "B08": 3921.487866008211,
      "B8A": 4003.8172468554226,
      "B11": 2689.662332740503,
      "B12": 1926.7022925934164,
      "DEM": 794.388977420033
    },
    "std": {
      "B02": 2392.607048327055,
      "B03": 2243.645841043008,
      "B04": 2237.363577408829,
      "B05": 2148.8011881910816,
      "B06": 1875.232386384176,
      "B07": 1825.3831219306476,
      "B08": 1857.89835302197,
      "B8A": 1755.7275921471823,
      "B11": 1228.184846962303,
      "B12": 1145.426309083709,
      "DEM": 657.5443699296056
    }
  }
}