{
  "s1asc": {
    "mean": {
      "VH": 0.0370333954319426,
      "VV": 0.15738208488551014,
      "DEM": 754.4200747575431
    },
    "std": {
      "VH": 0.035170609577122314,
      "VV": 0.13581083204183989,
      "DEM": 637.2083134551183
    }
  },
  "s1dsc": {
    "mean": {
      "VH": 0.03713756358923662,
      "VV": 0.15857808078838873,
      "DEM": 754.4200747575431
    },
    "std": {
      "VH": 0.03279994228087097,
      "VV": 0.12989778867816348,
      "DEM": 637.2083134551183
    }
  },
  "s2": {
    "mean": {
      "B02": 1880.466278096938,
      "B03": 2061.540371316002,
      "B04": 1981.57225097544,
      "B05": 2468.362154969244,
      "B06": 3516.3870067090966,
      "B07": 3844.0267113483296,
      "B08": 3958.5584937948993,
      "B8A": 4043.4570904689745,
      "B11": 2767.388787862563,
      "B12": 1992.5678201632095,
      "DEM": 754.4200747575431
    },
    "std": {
      "B02": 2380.960452422494,
      "B03": 2226.2570784895506,
      "B04": 2213.904735144568,
      "B05": 2131.410065092822,
      "B06": 1863.5239858038794,
      "B07": 1817.9981226764153,
      "B08": 1848.0517843678524,
      "B8A": 1749.2016248964462,
      "B11": 1237.5310466156648,
      "B12": 1156.6119532302262,
      "DEM": 637.2083134551183
    }
  }
}