{
  "s1asc": {
    "mean": {
      "VH": 0.03712759406765897,
      "VV": 0.15785746122432953,
      "DEM": 743.5353289587621
    },
    "std": {
      "VH": 0.036325294424665554,
      "VV": 0.13750489168488156,
      "DEM": 636.0562275456199
    }
  },
  "s1dsc": {
    "mean": {
      "VH": 0.03728839714184351,
      "VV": 0.15894189461671393,
      "DEM": 743.5353289587621
    },
    "std": {
      "VH": 0.03394686324821431,
      "VV": 0.13122430906369195,
      "DEM": 636.0562275456199
    }
  },
  "s2": {
    "mean": {
      "B02": 1907.255448170745,
      "B03": 2083.4486598755866,
      "B04": 2001.8559455616412,
      "B05": 2482.34238542671,
      "B06": 3516.0731104948272,
      "B07": 3838.763457433826,
      "B08": 3950.185059279479,
      "B8A": 4033.4881206374976,
      "B11": 2743.4568888040412,
      "B12": 1978.7771765344548,
      "DEM": 743.5353289587621
    },
    "std": {
      "B02": 2408.0546752658483,
      "B03": 2252.8747874015535,
      "B04": 2241.2408795989995,
      "B05": 2155.747160178686,
      "B06": 1886.5494462615948,
      "B07": 1839.378458166959,
      "B08": 1868.6059116311992,
      "B8A": 1771.2697149450833,
      "B11": 1249.40925059032,
      "B12": 1161.4843166877524,
      "DEM": 636.0562275456199
    }
  }
}