{
  "s1asc": {
    "mean": {
      "VH": 0.03694795245200287,
      "VV": 0.1572465435925378,
      "DEM": 754.5061062717413
    },
    "std": {
      "VH": 0.03622442359414797,
      "VV": 0.13702959287131936,
      "DEM": 639.0661453637003
    }
  },
  "s1dsc": {
    "mean": {
      "VH": 0.03707615778206069,
      "VV": 0.15840073201917484,
      "DEM": 754.5061062717413
    },
    "std": {
      "VH": 0.033639281833763246,
      "VV": 0.1309316523485393,
      "DEM": 639.0661453637003
    }
  },
  "s2": {
    "mean": {
      "B02": 1929.014617643776,
      "B03": 2106.6693830200848,
      "B04": 2026.490131322958,
      "B05": 2507.899373654417,
      "B06": 3542.276712762818,
      "B07": 3864.290629649077,
      "B08": 3976.1854051240944,
      "B8A": 4058.543138677387,
      "B11": 2753.974160270127,
      "B12": 1988.9776875990065,
      "DEM": 754.5061062717413
    },
    "std": {
      "B02": 2427.573286611332,
      "B03": 2272.0516077217853,
      "B04": 2261.5569247826434,
      "B05": 2173.6022316803924,
      "B06": 1897.1233181834955,
      "B07": 1847.095732061177,
      "B08": 1875.2630171363394,
      "B8A": 1777.1741713676577,
      "B11": 1252.1349414106387,
      "B12": 1163.6539869950725,
      "DEM": 639.0661453637003
    }
  }
}