{
  "mean": [
    1860.6935876813366,
    2028.698006663566,
    1952.8074133202545,
    2393.722123059464,
    3354.0410548002533,
    3667.618258339901,
    3761.943971667524,
    3852.0489365954445,
    2612.980132015142,
    1889.0512347397405,
    685.3340925169452
  ],
  "std": [
    2459.0027273051837,
    2329.8851149992192,
    2330.3132333904236,
    2244.160977536386,
    2029.1560143595364,
    2005.5152647840616,
    2037.7328558702025,
    1959.9712623888474,
    1331.1298474889145,
    1203.9362302636914,
    648.7621052109841
  ]
}