{
  "mean": [
    0.03657541425656915,
    0.15670086739357272,
    692.3415968983444
  ],
  "std": [
    0.04149382323565447,
    0.14678141282067442,
    653.1999874722152
  ]
}