{
  "mean": [
    1812.3708332030728,
    1964.2714955843178,
    1889.8176373287758,
    2300.0477795960505,
    3173.3281089091724,
    3459.8577045914394,
    3546.1965621229774,
    3625.822597541621,
    2499.3494758885813,
    1841.567113495789,
    619.96428217283
  ],
  "std": [
    2295.9362828864305,
    2169.0173053980216,
    2166.8480189952716,
    2113.1143087400133,
    1990.4755548905227,
    2003.8458280516186,
    2045.6861756301041,
    1985.7032298571705,
    1368.0238421099198,
    1213.4180477136488,
    679.7845393223763
  ]
}