{
  "mean": [
    0.036124569852287354,
    0.15683178189415153,
    718.5427803513087
  ],
  "std": [
    0.03852456037433483,
    0.1402125749831085,
    673.5915813777256
  ]
}