{
  "mean": [
    0.035184087787377215,
    0.16816700569725812,
    691.5402339161456
  ],
  "std": [
    0.18988356455064723,
    2.3103983084330206,
    690.3685933967154
  ]
}