{
  "mean": [
    0.036524433238515376,
    0.15841479276430875,
    719.9969677960618
  ],
  "std": [
    0.03692824302336306,
    0.13876044062968249,
    661.134361442291
  ]
}